analysis_set,input_group,branch,outcome,rate_pp,ci95_low_pp,ci95_high_pp,questions
full_60,defective,A,fully_supported_answer,9.81,5.56,15.0,60
full_60,defective,A,not_fully_supported_answer,18.33,12.04,25.19,60
full_60,defective,A,unclear_answer,0.0,0.0,0.0,60
full_60,defective,A,abstention_or_escalation,71.85,64.07,79.44,60
full_60,defective,B,fully_supported_answer,2.59,0.37,5.56,60
full_60,defective,B,not_fully_supported_answer,7.59,4.26,11.3,60
full_60,defective,B,unclear_answer,0.0,0.0,0.0,60
full_60,defective,B,abstention_or_escalation,89.81,85.37,93.89,60
full_60,defective,C,fully_supported_answer,33.89,25.37,42.78,60
full_60,defective,C,not_fully_supported_answer,22.22,14.63,30.56,60
full_60,defective,C,unclear_answer,0.0,0.0,0.0,60
full_60,defective,C,abstention_or_escalation,43.89,32.96,54.82,60
full_60,defective,D,fully_supported_answer,14.07,8.52,20.19,60
full_60,defective,D,not_fully_supported_answer,10.19,6.11,14.63,60
full_60,defective,D,unclear_answer,0.0,0.0,0.0,60
full_60,defective,D,abstention_or_escalation,75.74,68.15,82.78,60
full_60,clean,A,fully_supported_answer,66.11,54.44,77.78,60
full_60,clean,A,not_fully_supported_answer,3.33,0.0,8.33,60
full_60,clean,A,unclear_answer,0.0,0.0,0.0,60
full_60,clean,A,abstention_or_escalation,30.56,19.44,42.22,60
full_60,clean,B,fully_supported_answer,53.89,41.67,66.11,60
full_60,clean,B,not_fully_supported_answer,1.67,0.0,5.0,60
full_60,clean,B,unclear_answer,0.0,0.0,0.0,60
full_60,clean,B,abstention_or_escalation,44.44,32.22,56.67,60
full_60,clean,C,fully_supported_answer,68.33,56.67,79.44,60
full_60,clean,C,not_fully_supported_answer,2.78,0.0,7.22,60
full_60,clean,C,unclear_answer,0.0,0.0,0.0,60
full_60,clean,C,abstention_or_escalation,28.89,17.78,40.56,60
full_60,clean,D,fully_supported_answer,60.0,47.78,72.22,60
full_60,clean,D,not_fully_supported_answer,3.89,0.0,8.89,60
full_60,clean,D,unclear_answer,0.0,0.0,0.0,60
full_60,clean,D,abstention_or_escalation,36.11,24.44,47.78,60
sensitivity_55,defective,A,fully_supported_answer,10.71,6.06,16.16,55
sensitivity_55,defective,A,not_fully_supported_answer,17.58,11.52,24.24,55
sensitivity_55,defective,A,unclear_answer,0.0,0.0,0.0,55
sensitivity_55,defective,A,abstention_or_escalation,71.72,63.64,79.39,55
sensitivity_55,defective,B,fully_supported_answer,2.83,0.4,6.26,55
sensitivity_55,defective,B,not_fully_supported_answer,7.68,4.24,11.52,55
sensitivity_55,defective,B,unclear_answer,0.0,0.0,0.0,55
sensitivity_55,defective,B,abstention_or_escalation,89.49,84.65,93.74,55
sensitivity_55,defective,C,fully_supported_answer,36.36,27.27,45.66,55
sensitivity_55,defective,C,not_fully_supported_answer,21.21,13.54,29.29,55
sensitivity_55,defective,C,unclear_answer,0.0,0.0,0.0,55
sensitivity_55,defective,C,abstention_or_escalation,42.42,30.91,53.94,55
sensitivity_55,defective,D,fully_supported_answer,14.75,8.89,21.21,55
sensitivity_55,defective,D,not_fully_supported_answer,10.51,6.26,15.15,55
sensitivity_55,defective,D,unclear_answer,0.0,0.0,0.0,55
sensitivity_55,defective,D,abstention_or_escalation,74.75,66.87,82.22,55
sensitivity_55,clean,A,fully_supported_answer,70.3,58.18,81.82,55
sensitivity_55,clean,A,not_fully_supported_answer,1.82,0.0,5.45,55
sensitivity_55,clean,A,unclear_answer,0.0,0.0,0.0,55
sensitivity_55,clean,A,abstention_or_escalation,27.88,16.36,40.0,55
sensitivity_55,clean,B,fully_supported_answer,58.79,46.06,71.52,55
sensitivity_55,clean,B,not_fully_supported_answer,0.0,0.0,0.0,55
sensitivity_55,clean,B,unclear_answer,0.0,0.0,0.0,55
sensitivity_55,clean,B,abstention_or_escalation,41.21,28.48,53.94,55
sensitivity_55,clean,C,fully_supported_answer,72.73,61.21,83.64,55
sensitivity_55,clean,C,not_fully_supported_answer,1.21,0.0,3.64,55
sensitivity_55,clean,C,unclear_answer,0.0,0.0,0.0,55
sensitivity_55,clean,C,abstention_or_escalation,26.06,15.15,37.58,55
sensitivity_55,clean,D,fully_supported_answer,65.45,52.73,77.58,55
sensitivity_55,clean,D,not_fully_supported_answer,2.42,0.0,6.67,55
sensitivity_55,clean,D,unclear_answer,0.0,0.0,0.0,55
sensitivity_55,clean,D,abstention_or_escalation,32.12,20.0,44.24,55
