branch,condition,outcome_or_status,runs
A,CLEAN,answered,125
A,CLEAN,controller_abstained,55
A,EMPTY,answered,25
A,EMPTY,controller_abstained,155
A,INCONSISTENT,answered,61
A,INCONSISTENT,controller_abstained,116
A,INCONSISTENT,generator_abstained,3
A,PARTIAL,answered,66
A,PARTIAL,controller_abstained,114
B,CLEAN,answered,100
B,CLEAN,controller_abstained,77
B,CLEAN,escalated,3
B,EMPTY,answered,3
B,EMPTY,controller_abstained,177
B,INCONSISTENT,answered,20
B,INCONSISTENT,controller_abstained,81
B,INCONSISTENT,escalated,77
B,INCONSISTENT,technical_failure,2
B,PARTIAL,answered,31
B,PARTIAL,controller_abstained,149
C,CLEAN,answered,128
C,CLEAN,controller_abstained,52
C,EMPTY,answered,101
C,EMPTY,controller_abstained,78
C,EMPTY,technical_failure,1
C,INCONSISTENT,answered,100
C,INCONSISTENT,controller_abstained,77
C,INCONSISTENT,generator_abstained,3
C,PARTIAL,answered,100
C,PARTIAL,controller_abstained,78
C,PARTIAL,technical_failure,2
D,CLEAN,answered,115
D,CLEAN,controller_abstained,62
D,CLEAN,escalated,3
D,EMPTY,answered,18
D,EMPTY,controller_abstained,162
D,INCONSISTENT,answered,44
D,INCONSISTENT,controller_abstained,57
D,INCONSISTENT,escalated,77
D,INCONSISTENT,technical_failure,2
D,PARTIAL,answered,69
D,PARTIAL,controller_abstained,110
D,PARTIAL,escalated,1
