analysis_set,family,contrast,conditions,outcome,difference_pp,ci95_low_pp,ci95_high_pp,questions
full_60,primary,D - C,PARTIAL+EMPTY+INCONSISTENT,not_fully_supported_answer,-12.04,-18.15,-6.48,60
full_60,primary_companion,D - C,PARTIAL+EMPTY+INCONSISTENT,fully_supported_answer,-19.81,-27.96,-12.04,60
full_60,primary_companion,D - C,PARTIAL+EMPTY+INCONSISTENT,abstention_or_escalation,31.85,23.7,40.0,60
full_60,primary_companion,D - C,PARTIAL+EMPTY+INCONSISTENT,unclear_answer,0.0,0.0,0.0,60
full_60,clean_utility,D - C,CLEAN,fully_supported_answer,-8.33,-16.11,-1.67,60
full_60,clean_utility,D - C,CLEAN,not_fully_supported_answer,1.11,-2.78,5.56,60
full_60,clean_utility,D - C,CLEAN,unclear_answer,0.0,0.0,0.0,60
full_60,clean_utility,D - C,CLEAN,abstention_or_escalation,7.22,0.56,15.0,60
full_60,exploratory_B-A,B - A,PARTIAL+EMPTY+INCONSISTENT,not_fully_supported_answer,-10.74,-16.48,-5.74,60
full_60,exploratory_B-A,B - A,PARTIAL+EMPTY+INCONSISTENT,fully_supported_answer,-7.22,-11.67,-3.33,60
full_60,exploratory_B-A,B - A,PARTIAL+EMPTY+INCONSISTENT,abstention_or_escalation,17.96,11.67,24.63,60
full_60,exploratory_B-A,B - A,PARTIAL+EMPTY+INCONSISTENT,unclear_answer,0.0,0.0,0.0,60
full_60,exploratory_C-A,C - A,PARTIAL+EMPTY+INCONSISTENT,not_fully_supported_answer,3.89,0.74,7.59,60
full_60,exploratory_C-A,C - A,PARTIAL+EMPTY+INCONSISTENT,fully_supported_answer,24.07,17.41,31.11,60
full_60,exploratory_C-A,C - A,PARTIAL+EMPTY+INCONSISTENT,abstention_or_escalation,-27.96,-35.56,-20.74,60
full_60,exploratory_C-A,C - A,PARTIAL+EMPTY+INCONSISTENT,unclear_answer,0.0,0.0,0.0,60
full_60,exploratory_D-B,D - B,PARTIAL+EMPTY+INCONSISTENT,not_fully_supported_answer,2.59,0.19,5.56,60
full_60,exploratory_D-B,D - B,PARTIAL+EMPTY+INCONSISTENT,fully_supported_answer,11.48,6.85,16.67,60
full_60,exploratory_D-B,D - B,PARTIAL+EMPTY+INCONSISTENT,abstention_or_escalation,-14.07,-20.19,-8.52,60
full_60,exploratory_D-B,D - B,PARTIAL+EMPTY+INCONSISTENT,unclear_answer,0.0,0.0,0.0,60
full_60,per_condition_CLEAN,D - C,CLEAN,not_fully_supported_answer,1.11,-2.78,5.56,60
full_60,per_condition_CLEAN,D - C,CLEAN,fully_supported_answer,-8.33,-16.11,-1.67,60
full_60,per_condition_CLEAN,D - C,CLEAN,abstention_or_escalation,7.22,0.56,15.0,60
full_60,per_condition_PARTIAL,D - C,PARTIAL,not_fully_supported_answer,-10.0,-19.44,-1.11,60
full_60,per_condition_PARTIAL,D - C,PARTIAL,fully_supported_answer,-8.33,-18.33,1.67,60
full_60,per_condition_PARTIAL,D - C,PARTIAL,abstention_or_escalation,18.33,10.0,27.78,60
full_60,per_condition_EMPTY,D - C,EMPTY,not_fully_supported_answer,-8.89,-16.12,-2.78,60
full_60,per_condition_EMPTY,D - C,EMPTY,fully_supported_answer,-37.22,-50.56,-23.89,60
full_60,per_condition_EMPTY,D - C,EMPTY,abstention_or_escalation,46.11,33.33,58.89,60
full_60,per_condition_INCONSISTENT,D - C,INCONSISTENT,not_fully_supported_answer,-17.22,-26.67,-8.89,60
full_60,per_condition_INCONSISTENT,D - C,INCONSISTENT,fully_supported_answer,-13.89,-25.56,-2.22,60
full_60,per_condition_INCONSISTENT,D - C,INCONSISTENT,abstention_or_escalation,31.11,19.44,42.78,60
sensitivity_55,primary,D - C,PARTIAL+EMPTY+INCONSISTENT,not_fully_supported_answer,-10.71,-16.57,-5.45,55
sensitivity_55,primary_companion,D - C,PARTIAL+EMPTY+INCONSISTENT,fully_supported_answer,-21.62,-30.1,-13.33,55
sensitivity_55,primary_companion,D - C,PARTIAL+EMPTY+INCONSISTENT,abstention_or_escalation,32.32,24.04,41.01,55
sensitivity_55,primary_companion,D - C,PARTIAL+EMPTY+INCONSISTENT,unclear_answer,0.0,0.0,0.0,55
sensitivity_55,clean_utility,D - C,CLEAN,fully_supported_answer,-7.27,-15.15,-0.61,55
sensitivity_55,clean_utility,D - C,CLEAN,not_fully_supported_answer,1.21,-3.03,6.06,55
sensitivity_55,clean_utility,D - C,CLEAN,unclear_answer,0.0,0.0,0.0,55
sensitivity_55,clean_utility,D - C,CLEAN,abstention_or_escalation,6.06,-0.61,13.94,55
sensitivity_55,exploratory_B-A,B - A,PARTIAL+EMPTY+INCONSISTENT,not_fully_supported_answer,-9.9,-15.76,-4.85,55
sensitivity_55,exploratory_B-A,B - A,PARTIAL+EMPTY+INCONSISTENT,fully_supported_answer,-7.88,-12.53,-3.64,55
sensitivity_55,exploratory_B-A,B - A,PARTIAL+EMPTY+INCONSISTENT,abstention_or_escalation,17.78,11.31,24.85,55
sensitivity_55,exploratory_B-A,B - A,PARTIAL+EMPTY+INCONSISTENT,unclear_answer,0.0,0.0,0.0,55
sensitivity_55,exploratory_C-A,C - A,PARTIAL+EMPTY+INCONSISTENT,not_fully_supported_answer,3.64,0.4,7.47,55
sensitivity_55,exploratory_C-A,C - A,PARTIAL+EMPTY+INCONSISTENT,fully_supported_answer,25.66,18.79,33.13,55
sensitivity_55,exploratory_C-A,C - A,PARTIAL+EMPTY+INCONSISTENT,abstention_or_escalation,-29.29,-37.37,-21.62,55
sensitivity_55,exploratory_C-A,C - A,PARTIAL+EMPTY+INCONSISTENT,unclear_answer,0.0,0.0,0.0,55
sensitivity_55,exploratory_D-B,D - B,PARTIAL+EMPTY+INCONSISTENT,not_fully_supported_answer,2.83,0.4,6.06,55
sensitivity_55,exploratory_D-B,D - B,PARTIAL+EMPTY+INCONSISTENT,fully_supported_answer,11.92,7.07,17.17,55
sensitivity_55,exploratory_D-B,D - B,PARTIAL+EMPTY+INCONSISTENT,abstention_or_escalation,-14.75,-21.41,-8.69,55
sensitivity_55,exploratory_D-B,D - B,PARTIAL+EMPTY+INCONSISTENT,unclear_answer,0.0,0.0,0.0,55
sensitivity_55,per_condition_CLEAN,D - C,CLEAN,not_fully_supported_answer,1.21,-3.03,6.06,55
sensitivity_55,per_condition_CLEAN,D - C,CLEAN,fully_supported_answer,-7.27,-15.15,-0.61,55
sensitivity_55,per_condition_CLEAN,D - C,CLEAN,abstention_or_escalation,6.06,-0.61,13.94,55
sensitivity_55,per_condition_PARTIAL,D - C,PARTIAL,not_fully_supported_answer,-9.09,-18.79,0.0,55
sensitivity_55,per_condition_PARTIAL,D - C,PARTIAL,fully_supported_answer,-10.91,-21.21,-0.61,55
sensitivity_55,per_condition_PARTIAL,D - C,PARTIAL,abstention_or_escalation,20.0,10.91,29.7,55
sensitivity_55,per_condition_EMPTY,D - C,EMPTY,not_fully_supported_answer,-7.88,-15.15,-1.82,55
sensitivity_55,per_condition_EMPTY,D - C,EMPTY,fully_supported_answer,-38.79,-52.73,-24.24,55
sensitivity_55,per_condition_EMPTY,D - C,EMPTY,abstention_or_escalation,46.67,33.33,60.0,55
sensitivity_55,per_condition_INCONSISTENT,D - C,INCONSISTENT,not_fully_supported_answer,-15.15,-24.24,-7.27,55
sensitivity_55,per_condition_INCONSISTENT,D - C,INCONSISTENT,fully_supported_answer,-15.15,-27.27,-3.03,55
sensitivity_55,per_condition_INCONSISTENT,D - C,INCONSISTENT,abstention_or_escalation,30.3,18.79,42.42,55
